8db45fc3-0fe3-47e3-9406-7d6ffa23c478,Jaquelyn
afe6fa2e-476f-410f-9912-b791a36309bd,Lionel
3361ae31-42c1-45fe-bb5e-6b9cd8057984,Rashad
5d4e164a-e90f-46b4-92c4-891f8d755eae,Annis
23fdf536-1425-4504-8da4-767159fe2c80,Salena
1c75621b-2170-49b6-be83-a3e7a35df2de,Santos
a860995d-47cd-43ed-8068-386246b525f5,Earnest
45864942-9c9e-40c2-aa64-2b0d9b83cb7f,Elyse
727d7ae6-d39a-4f85-b613-b7d1b29777b2,Zack
10f8aa0d-9b4c-4e5a-b6eb-d92c246b5a8d,Keenan
32c734be-ec93-4208-bdbc-3c4497f72ff3,Patricia
e4607e18-83d0-4139-b7de-2385dd056686,Yon
24c75adc-8a77-49db-b0b3-33208988fba3,Felicitas
fc425353-bec3-4be8-a064-b1054a02f4e8,Perla
0da70381-09f9-4ef6-9381-6be9fd856aa8,Lourdes
eb7dce93-8ee1-4c05-82f2-3d1909a41da7,Natacha
3ed72bdd-0b20-41b8-b26c-300988adf4e7,Hubert
55141676-a2bd-4777-9cbf-2732250723a5,Johana
b5f077c0-2c8c-4a42-91b3-75e8988b78ac,Mike
c3b3a536-40f1-41b2-a309-6b1ac7b16c3e,Titus
3f9a0c04-13cd-4e47-a815-8829651b634c,Alita
2e401682-aa03-4977-a840-a85034ec8e71,Coletta
29161dea-1cf9-4ce8-8147-77a22444f4ee,Derick
14056703-2db7-4822-ba92-43b876b86c85,Danial
9b35a81b-380b-42a5-8e7e-57bd3cfb01b6,Frederic
